time_h,N_Ra226,N_Ac225
0.0,6.022e+23,0.0
0.4,6.021999013788834e+23,8.66663189611327e+16
0.8,6.0219980275778314e+23,1.7323175419089568e+17
1.2000000000000002,6.0219970413669906e+23,2.5969642310636144e+17
1.6,6.0219960551563116e+23,3.4606044298796314e+17
2.0,6.021995068945794e+23,4.32323930979359e+17
2.4000000000000004,6.021994082735438e+23,5.184870040876142e+17
2.8000000000000003,6.0219930965252434e+23,6.045497791846601e+17
3.2,6.02199211031521e+23,6.905123730058573e+17
3.6,6.021991124105339e+23,7.76374902149949e+17
4.0,6.021990137895629e+23,8.621374830801075e+17
4.4,6.02198915168608e+23,9.478002321256686e+17
4.800000000000001,6.021988165476693e+23,1.0333632654791392e+18
5.2,6.021987179267468e+23,1.1188266991971487e+18
5.6000000000000005,6.021986193058403e+23,1.2041906492024443e+18
6.0,6.021985206849501e+23,1.2894552312833196e+18
6.4,6.0219842206407597e+23,1.3746205610920192e+18
6.800000000000001,6.0219832344321804e+23,1.459686754145376e+18
7.2,6.021982248223763e+23,1.544653925829403e+18
7.6000000000000005,6.0219812620155065e+23,1.629522191392512e+18
8.0,6.021980275807411e+23,1.7142916659495158e+18
8.4,6.021979289599478e+23,1.7989624644863414e+18
8.8,6.021978303391706e+23,1.8835347018632904e+18
9.200000000000001,6.021977317184095e+23,1.9680084927954358e+18
9.600000000000001,6.021976330976646e+23,2.0523839518633582e+18
10.0,6.021975344769359e+23,2.1366611935137475e+18
10.4,6.021974358562233e+23,2.2208403320595717e+18
10.8,6.0219733723552685e+23,2.304921481680243e+18
11.200000000000001,6.021972386148466e+23,2.3889047564217846e+18
11.600000000000001,6.0219713999418245e+23,2.472790270196998e+18
12.0,6.0219704137353445e+23,2.556578136785631e+18
12.4,6.021969427529026e+23,2.640268469834545e+18
12.8,6.0219684413228695e+23,2.7238613828578785e+18
13.200000000000001,6.021967455116874e+23,2.80735698923722e+18
13.600000000000001,6.02196646891104e+23,2.890755402221769e+18
14.0,6.021965482705368e+23,2.974056734928509e+18
14.4,6.021964496499857e+23,3.057261100342369e+18
14.8,6.021963510294508e+23,3.140368611316394e+18
15.200000000000001,6.02196252408932e+23,3.2233793805719127e+18
15.600000000000001,6.021961537884294e+23,3.3062935206987013e+18
16.0,6.0219605516794296e+23,3.3891111441560893e+18
16.400000000000002,6.021959565474726e+23,3.4718323632952e+18
16.8,6.0219585792701846e+23,3.554457290327504e+18
17.2,6.0219575930658044e+23,3.6369860373252127e+18
17.6,6.021956606861585e+23,3.7194187162303703e+18
18.0,6.021955620657528e+23,3.8017554388550333e+18
18.400000000000002,6.021954634453632e+23,3.883996316881461e+18
18.8,6.021953648249898e+23,3.9661414618622935e+18
19.200000000000003,6.021952662046325e+23,4.048190985220741e+18
19.6,6.021951675842914e+23,4.1301449982507643e+18
20.0,6.0219506896396645e+23,4.2120036121172634e+18
20.400000000000002,6.021949703436576e+23,4.293766937856259e+18
20.8,6.0219487172336495e+23,4.375435086375076e+18
21.200000000000003,6.0219477310308845e+23,4.457008168452531e+18
21.6,6.0219467448282807e+23,4.538486294739115e+18
22.0,6.0219457586258385e+23,4.619869575757177e+18
22.400000000000002,6.021944772423558e+23,4.70115812190111e+18
22.8,6.021943786221439e+23,4.782352043437535e+18
23.200000000000003,6.021942800019481e+23,4.863451450505485e+18
23.6,6.021941813817685e+23,4.944456453116587e+18
24.0,6.0219408276160505e+23,5.025367161142448e+18
24.400000000000002,6.0219398414145774e+23,5.106183684298144e+18
24.8,6.021938855213266e+23,5.186906132201466e+18
25.200000000000003,6.021937869012116e+23,5.267534614344983e+18
25.6,6.021936882811127e+23,5.348069240093912e+18
26.0,6.0219358966103004e+23,5.428510118686284e+18
26.400000000000002,6.0219349104096346e+23,5.508857359233093e+18
26.8,6.0219339242091306e+23,5.589111070718456e+18
27.200000000000003,6.021932938008788e+23,5.669271361999773e+18
27.6,6.021931951808607e+23,5.74933834180788e+18
28.0,6.0219309656085876e+23,5.82931211874721e+18
28.400000000000002,6.02192997940873e+23,5.909192801295949e+18
28.8,6.021928993209033e+23,5.988980497806191e+18
29.200000000000003,6.021928007009498e+23,6.068675316504101e+18
29.6,6.021927020810125e+23,6.148277365490063e+18
30.0,6.021926034610913e+23,6.227786752738851e+18
30.400000000000002,6.021925048411862e+23,6.307203586099771e+18
30.8,6.0219240622129735e+23,6.386527973296829e+18
31.200000000000003,6.021923076014246e+23,6.465760021928886e+18
31.6,6.02192208981568e+23,6.544899839469623e+18
32.0,6.021921103617276e+23,6.623947533257453e+18
32.4,6.0219201174190326e+23,6.702903210508336e+18
32.800000000000004,6.021919131220951e+23,6.78176697831877e+18
33.2,6.021918145023031e+23,6.860538943660624e+18
33.6,6.021917158825273e+23,6.939219213381293e+18
34.0,6.021916172627676e+23,7.01780789420385e+18
34.4,6.02191518643024e+23,7.096305092727188e+18
34.800000000000004,6.021914200232967e+23,7.174710915426176e+18
35.2,6.0219132140358545e+23,7.2530254686518e+18
35.6,6.021912227838903e+23,7.331248858631318e+18
36.0,6.021911241642114e+23,7.409381191468407e+18
36.4,6.021910255445486e+23,7.487422573143313e+18
36.800000000000004,6.02190926924902e+23,7.565373109513001e+18
37.2,6.021908283052715e+23,7.643232906311296e+18
37.6,6.0219072968565714e+23,7.721002069149041e+18
38.0,6.02190631066059e+23,7.798680703514244e+18
38.400000000000006,6.021905324464769e+23,7.876268914772226e+18
38.800000000000004,6.0219043382691106e+23,7.953766808165764e+18
39.2,6.0219033520736135e+23,8.031174488815252e+18
39.6,6.0219023658782776e+23,8.108492061717617e+18
40.0,6.021901379683103e+23,8.185719631743551e+18
40.400000000000006,6.021900393488091e+23,8.262857303645415e+18
40.800000000000004,6.0218994072932393e+23,8.339905182054131e+18
41.2,6.0218984210985496e+23,8.416863371478868e+18
41.6,6.0218974349040216e+23,8.493731976307191e+18
42.0,6.021896448709655e+23,8.570511100805202e+18
42.400000000000006,6.0218954625154495e+23,8.647200849117687e+18
42.800000000000004,6.0218944763214054e+23,8.723801325268259e+18
43.2,6.021893490127524e+23,8.800312633159511e+18
43.6,6.021892503933803e+23,8.876734876573151e+18
44.0,6.0218915177402434e+23,8.953068159170159e+18
44.400000000000006,6.0218905315468455e+23,9.029312584490922e+18
44.800000000000004,6.0218895453536094e+23,9.105468255955385e+18
45.2,6.021888559160535e+23,9.181535276863197e+18
45.6,6.0218875729676216e+23,9.257513750393856e+18
46.0,6.02188658677487e+23,9.333403779606852e+18
46.400000000000006,6.02188560058228e+23,9.409205467441814e+18
46.800000000000004,6.021884614389851e+23,9.484918916718658e+18
47.2,6.021883628197584e+23,9.56054423012496e+18
47.6,6.021882642005478e+23,9.6360815102669e+18
48.0,6.021881655813534e+23,9.711530859585376e+18
48.400000000000006,6.0218806696217514e+23,9.786892380421753e+18
48.800000000000004,6.0218796834301305e+23,9.862166174998276e+18
49.2,6.021878697238671e+23,9.937352345418224e+18
49.6,6.021877711047373e+23,1.001245099366605e+19
50.0,6.021876724856236e+23,1.008746222160752e+19
50.400000000000006,6.021875738665261e+23,1.0162386130989873e+19
50.800000000000004,6.021874752474447e+23,1.0237222823441945e+19
51.2,6.021873766283795e+23,1.0311972400474327e+19
51.6,6.0218727800933045e+23,1.038663496347951e+19
52.0,6.0218717939029755e+23,1.0461210613732018e+19
52.400000000000006,6.021870807712808e+23,1.053569945238857e+19
52.800000000000004,6.021869821522802e+23,1.0610101580488196e+19
53.2,6.0218688353329576e+23,1.068441709895241e+19
53.6,6.021867849143274e+23,1.075864610858533e+19
54.0,6.0218668629537526e+23,1.0832788710073842e+19
54.400000000000006,6.0218658767643926e+23,1.0906845003987724e+19
54.800000000000004,6.0218648905751944e+23,1.0980815090779798e+19
55.2,6.021863904386157e+23,1.1054699070783769e+19
55.6,6.021862918197282e+23,1.1128497044205933e+19
56.0,6.0218619320085675e+23,1.1202209111145652e+19
56.400000000000006,6.0218609458200156e+23,1.1275835371587613e+19
56.800000000000004,6.021859959631624e+23,1.1349375925400175e+19
57.2,6.021858973443395e+23,1.1422830872335505e+19
57.6,6.021857987255327e+23,1.1496200312029735e+19
58.0,6.0218570010674205e+23,1.1569484344003072e+19
58.400000000000006,6.021856014879675e+23,1.1642683067659964e+19
58.800000000000004,6.0218550286920916e+23,1.1715796582289224e+19
59.2,6.02185404250467e+23,1.1788824987064168e+19
59.6,6.02185305631741e+23,1.1861768381042766e+19
60.0,6.0218520701303106e+23,1.1934626863167769e+19
60.400000000000006,6.021851083943373e+23,1.2007400532266848e+19
60.800000000000004,6.021850097756597e+23,1.2080089487052737e+19
61.2,6.0218491115699826e+23,1.2152693826123364e+19
61.6,6.02184812538353e+23,1.2225213647962001e+19
62.0,6.021847139197238e+23,1.2297649050937385e+19
62.400000000000006,6.021846153011108e+23,1.237000013330387e+19
62.800000000000004,6.02184516682514e+23,1.2442266993201545e+19
63.2,6.021844180639333e+23,1.2514449728656396e+19
63.6,6.021843194453688e+23,1.2586548437580423e+19
64.0,6.0218422082682035e+23,1.2658563217771786e+19
64.4,6.0218412220828815e+23,1.2730494166914937e+19
64.8,6.0218402358977206e+23,1.2802341382580752e+19
65.2,6.021839249712721e+23,1.287410496222668e+19
65.60000000000001,6.021838263527883e+23,1.2945785003196867e+19
66.0,6.021837277343207e+23,1.301738160272229e+19
66.4,6.021836291158692e+23,1.3088894857920907e+19
66.8,6.0218353049743386e+23,1.3160324865797773e+19
67.2,6.021834318790147e+23,1.3231671723245193e+19
67.60000000000001,6.0218333326061165e+23,1.330293552704284e+19
68.0,6.0218323464222475e+23,1.33741163738579e+19
68.4,6.02183136023854e+23,1.3445214360245207e+19
68.8,6.0218303740549945e+23,1.3516229582647366e+19
69.2,6.02182938787161e+23,1.35871621373949e+19
69.60000000000001,6.021828401688387e+23,1.3658012120706384e+19
70.0,6.021827415505326e+23,1.3728779628688554e+19
70.4,6.021826429322426e+23,1.3799464757336482e+19
70.8,6.021825443139688e+23,1.3870067602533669e+19
71.2,6.021824456957111e+23,1.3940588260052208e+19
71.60000000000001,6.0218234707746956e+23,1.401102682555289e+19
72.0,6.021822484592442e+23,1.408138339458536e+19
72.4,6.021821498410349e+23,1.4151658062586272e+19
72.8,6.021820512228419e+23,1.4221850924852083e+19
73.2,6.021819526046649e+23,1.429196207658569e+19
73.60000000000001,6.0218185398650414e+23,1.4361991612889039e+19
74.0,6.021817553683595e+23,1.4431939628753365e+19
74.4,6.02181656750231e+23,1.4501806219059337e+19
74.8,6.021815581321187e+23,1.4571591478577164e+19
75.2,6.021814595140225e+23,1.464129550196673e+19
75.60000000000001,6.021813608959425e+23,1.471091838377772e+19
76.0,6.0218126227787866e+23,1.4780460218449736e+19
76.4,6.021811636598309e+23,1.4849921100312443e+19
76.80000000000001,6.0218106504179935e+23,1.4919301123585667e+19
77.2,6.021809664237839e+23,1.498860038237953e+19
77.60000000000001,6.021808678057847e+23,1.5057818970694588e+19
78.0,6.0218076918780156e+23,1.5126956982421932e+19
78.4,6.0218067056983455e+23,1.519601451134333e+19
78.80000000000001,6.021805719518837e+23,1.526499165113133e+19
79.2,6.0218047333394905e+23,1.5333888495349408e+19
79.60000000000001,6.0218037471603056e+23,1.5402705137452075e+19
80.0,6.021802760981282e+23,1.5471441670784995e+19
80.4,6.02180177480242e+23,1.5540098188585128e+19
80.80000000000001,6.021800788623719e+23,1.5608674783980825e+19
81.2,6.02179980244518e+23,1.5677171549991973e+19
81.60000000000001,6.021798816266802e+23,1.5745588579530107e+19
82.0,6.021797830088586e+23,1.5813925965398524e+19
82.4,6.021796843910531e+23,1.5882183800292422e+19
82.80000000000001,6.021795857732638e+23,1.5950362176799005e+19
83.2,6.021794871554906e+23,1.6018461187397603e+19
83.60000000000001,6.021793885377336e+23,1.608648092445981e+19
84.0,6.0217928991999274e+23,1.6154421480249586e+19
84.4,6.021791913022681e+23,1.622228294692338e+19
84.80000000000001,6.021790926845595e+23,1.6290065416530258e+19
85.2,6.021789940668671e+23,1.635776898101201e+19
85.60000000000001,6.021788954491908e+23,1.6425393732203289e+19
86.0,6.021787968315307e+23,1.6492939761831694e+19
86.4,6.0217869821388674e+23,1.6560407161517937e+19
86.80000000000001,6.021785995962589e+23,1.6627796022775914e+19
87.2,6.021785009786472e+23,1.6695106437012855e+19
87.60000000000001,6.0217840236105174e+23,1.676233849552943e+19
88.0,6.021783037434724e+23,1.682949228951986e+19
88.4,6.021782051259092e+23,1.6896567910072056e+19
88.80000000000001,6.021781065083621e+23,1.6963565448167709e+19
89.2,6.021780078908312e+23,1.7030484994682421e+19
89.60000000000001,6.0217790927331646e+23,1.7097326640385976e+19
90.0,6.021778106558178e+23,1.7164090475967324e+19
90.4,6.021777120383354e+23,1.7230776592005861e+19
90.80000000000001,6.021776134208691e+23,1.7297385078958375e+19
91.2,6.021775148034189e+23,1.736391602717635e+19
91.60000000000001,6.021774161859849e+23,1.7430369526906094e+19
92.0,6.0217731756856706e+23,1.7496745668288844e+19
92.4,6.021772189511653e+23,1.756304454136091e+19
92.80000000000001,6.021771203337798e+23,1.7629266236053772e+19
93.2,6.021770217164104e+23,1.7695410842194207e+19
93.60000000000001,6.021769230990571e+23,1.7761478449504416e+19
94.0,6.0217682448172004e+23,1.7827469147602133e+19
94.4,6.021767258643991e+23,1.7893383026000759e+19
94.80000000000001,6.0217662724709425e+23,1.795922017410946e+19
95.2,6.0217652862980564e+23,1.8024980681233302e+19
95.60000000000001,6.021764300125331e+23,1.8090664636573366e+19
96.0,6.0217633139527675e+23,1.8156272129226865e+19
96.4,6.021762327780365e+23,1.822180324818726e+19
96.80000000000001,6.021761341608125e+23,1.8287258082344389e+19
97.2,6.021760355436046e+23,1.8352636720484563e+19
97.60000000000001,6.0217593692641285e+23,1.8417939251290712e+19
98.0,6.0217583830923725e+23,1.8483165763342475e+19
98.4,6.0217573969207777e+23,1.8548316345116344e+19
98.80000000000001,6.021756410749345e+23,1.861339108498576e+19
99.2,6.021755424578074e+23,1.867839007122123e+19
99.60000000000001,6.0217544384069634e+23,1.8743313391990477e+19
100.0,6.021753452236015e+23,1.8808161135358493e+19
100.4,6.021752466065228e+23,1.8872933389287727e+19
100.80000000000001,6.021751479894603e+23,1.8937630241638154e+19
101.2,6.021750493724139e+23,1.90022517801674e+19
101.60000000000001,6.0217495075538363e+23,1.9066798092530872e+19
102.0,6.021748521383695e+23,1.9131269266281857e+19
102.4,6.0217475352137155e+23,1.919566538887165e+19
102.80000000000001,6.0217465490438976e+23,1.9259986547649663e+19
103.2,6.021745562874241e+23,1.932423282986353e+19
103.60000000000001,6.021744576704746e+23,1.938840432265925e+19
104.0,6.0217435905354125e+23,1.945250111308127e+19
104.4,6.021742604366241e+23,1.951652328807263e+19
104.80000000000001,6.0217416181972305e+23,1.958047093447504e+19
105.2,6.021740632028381e+23,1.9644344139029025e+19
105.60000000000001,6.021739645859694e+23,1.970814298837404e+19
106.0,6.021738659691168e+23,1.9771867569048556e+19
106.4,6.021737673522804e+23,1.98355179674902e+19
106.80000000000001,6.0217366873546005e+23,1.9899094270035853e+19
107.2,6.021735701186559e+23,1.996259656293322e+19
107.60000000000001,6.021734715018679e+23,2.0026024932338823e+19
108.0,6.021733728850961e+23,2.0089379464291377e+19
108.4,6.021732742683404e+23,2.015266024472916e+19
108.80000000000001,6.021731756516008e+23,2.0215867359490433e+19
109.2,6.0217307703487744e+23,2.0279000894313538e+19
109.60000000000001,6.021729784181702e+23,2.034206093483703e+19
110.0,6.0217287980147907e+23,2.0405047566599795e+19
110.4,6.021727811848042e+23,2.046796087504114e+19
110.80000000000001,6.021726825681453e+23,2.053080094550094e+19
111.2,6.021725839515027e+23,2.059356786321972e+19
111.60000000000001,6.021724853348762e+23,2.0656261713338814e+19
112.0,6.0217238671826586e+23,2.0718882580900434e+19
112.4,6.021722881016717e+23,2.078143055084782e+19
112.80000000000001,6.0217218948509364e+23,2.0843905708025328e+19
113.2,6.0217209086853176e+23,2.0906308137178563e+19
113.60000000000001,6.0217199225198605e+23,2.0968637922954494e+19
114.0,6.0217189363545644e+23,2.1030895149901545e+19
114.4,6.02171795018943e+23,2.1093079902469743e+19
114.80000000000001,6.021716964024457e+23,2.1155192265010807e+19
115.2,6.0217159778596454e+23,2.121723232177826e+19
115.60000000000001,6.0217149916949956e+23,2.127920015692758e+19
116.0,6.0217140055305076e+23,2.134109585451625e+19
116.4,6.0217130193661806e+23,2.1402919498503934e+19
116.80000000000001,6.021712033202015e+23,2.1464671172752556e+19
117.2,6.021711047038011e+23,2.152635096102641e+19
117.60000000000001,6.021710060874169e+23,2.15879589469923e+19
118.0,6.021709074710488e+23,2.164949521421962e+19
118.4,6.021708088546968e+23,2.17109598461805e+19
118.80000000000001,6.0217071023836103e+23,2.1772352926249886e+19
119.2,6.021706116220414e+23,2.1833674537705673e+19
119.60000000000001,6.02170513005738e+23,2.1894924763728814e+19
120.0,6.021704143894506e+23,2.195610368740343e+19
120.4,6.021703157731794e+23,2.2017211391716913e+19
120.80000000000001,6.021702171569244e+23,2.2078247959560057e+19
121.2,6.021701185406855e+23,2.2139213473727152e+19
121.60000000000001,6.021700199244628e+23,2.2200108016916107e+19
122.0,6.021699213082562e+23,2.226093167172856e+19
122.4,6.0216982269206575e+23,2.232168452066997e+19
122.80000000000001,6.021697240758915e+23,2.238236664614976e+19
123.2,6.0216962545973333e+23,2.2442978130481406e+19
123.60000000000001,6.0216952684359135e+23,2.2503519055882555e+19
124.0,6.021694282274655e+23,2.2563989504475128e+19
124.4,6.0216932961135584e+23,2.2624389558286696e+19
124.80000000000001,6.021692309952623e+23,2.268471929925281e+19
125.2,6.0216913237918495e+23,2.2744978809209876e+19
125.60000000000001,6.021690337631237e+23,2.2805168169898693e+19
126.0,6.021689351470786e+23,2.28652874629649e+19
126.4,6.0216883653104965e+23,2.2925336769959117e+19
126.80000000000001,6.021687379150369e+23,2.2985316172337046e+19
127.2,6.021686392990402e+23,2.304522575145957e+19
127.60000000000001,6.021685406830598e+23,2.3105065588592886e+19
128.0,6.021684420670954e+23,2.3164835764908597e+19
128.4,6.0216834345114726e+23,2.3224536361483825e+19
128.8,6.0216824483521526e+23,2.328416745930133e+19
129.20000000000002,6.021681462192994e+23,2.33437291392496e+19
129.6,6.0216804760339965e+23,2.3403221482122977e+19
130.0,6.0216794898751603e+23,2.346264456862177e+19
130.4,6.021678503716486e+23,2.352199847935235e+19
130.8,6.021677517557973e+23,2.3581283294827254e+19
131.20000000000002,6.0216765313996217e+23,2.364049909546532e+19
131.6,6.021675545241432e+23,2.3699645961591767e+19
132.0,6.0216745590834036e+23,2.375872397343833e+19
132.4,6.021673572925537e+23,2.381773321114334e+19
132.8,6.021672586767832e+23,2.387667375475186e+19
133.20000000000002,6.0216716006102876e+23,2.393554568421577e+19
133.6,6.021670614452906e+23,2.3994349079393882e+19
134.0,6.021669628295685e+23,2.4053084020052066e+19
134.4,6.021668642138625e+23,2.411175058586333e+19
134.8,6.021667655981728e+23,2.417034885640794e+19
135.20000000000002,6.0216666698249914e+23,2.422887891117353e+19
135.6,6.021665683668416e+23,2.42873408295552e+19
136.0,6.0216646975120034e+23,2.4345734690855645e+19
136.4,6.0216637113557516e+23,2.440406057428523e+19
136.8,6.021662725199661e+23,2.4462318558962115e+19
137.20000000000002,6.0216617390437326e+23,2.452050872391237e+19
137.6,6.0216607528879647e+23,2.457863114807005e+19
138.0,6.021659766732359e+23,2.4636685910277358e+19
138.4,6.021658780576915e+23,2.469467308928468e+19
138.8,6.021657794421632e+23,2.475259276375075e+19
139.20000000000002,6.021656808266511e+23,2.4810445012242715e+19
139.6,6.021655822111551e+23,2.4868229913236267e+19
140.0,6.021654835956753e+23,2.4925947545115746e+19
140.4,6.021653849802116e+23,2.498359798617424e+19
140.8,6.02165286364764e+23,2.5041181314613674e+19
141.20000000000002,6.0216518774933266e+23,2.509869760854495e+19
141.6,6.021650891339175e+23,2.515614694598847e+19
142.0,6.021649905185184e+23,2.521352940487738e+19
142.4,6.021648919031355e+23,2.527084506305143e+19
142.8,6.0216479328776866e+23,2.532809399825894e+19
143.20000000000002,6.02164694672418e+23,2.5385276288157737e+19
143.6,6.0216459605708356e+23,2.5442392010315248e+19
144.0,6.021644974417653e+23,2.5499441242208637e+19
144.4,6.021643988264631e+23,2.5556424061224882e+19
144.8,6.02164300211177e+23,2.5613340544660886e+19
145.20000000000002,6.021642015959072e+23,2.567019076972358e+19
145.6,6.0216410298065345e+23,2.5726974813530046e+19
146.0,6.021640043654158e+23,2.57836927531076e+19
146.4,6.0216390575019444e+23,2.5840344665393897e+19
146.8,6.021638071349892e+23,2.589693062723705e+19
147.20000000000002,6.021637085198e+23,2.595345071539571e+19
147.6,6.0216360990462707e+23,2.6009905006539203e+19
148.0,6.021635112894702e+23,2.6066293577247605e+19
148.4,6.021634126743295e+23,2.6122616504011858e+19
148.8,6.02163314059205e+23,2.6178873863233868e+19
149.20000000000002,6.021632154440966e+23,2.6235065731226616e+19
149.6,6.021631168290044e+23,2.6291192184214245e+19
150.0,6.021630182139283e+23,2.6347253298332193e+19
150.4,6.021629195988684e+23,2.640324914962726e+19
150.8,6.021628209838246e+23,2.645917981405774e+19
151.20000000000002,6.0216272236879694e+23,2.6515045367493493e+19
151.6,6.021626237537855e+23,2.6570845885716087e+19
152.0,6.021625251387902e+23,2.662658144441887e+19
152.4,6.02162426523811e+23,2.668225211920708e+19
152.8,6.02162327908848e+23,2.6737857985597944e+19
153.20000000000002,6.021622292939011e+23,2.6793399119020794e+19
153.60000000000002,6.0216213067897034e+23,2.684887559481715e+19
154.0,6.021620320640558e+23,2.690428748824083e+19
154.4,6.021619334491573e+23,2.6959634874458063e+19
154.8,6.0216183483427504e+23,2.7014917828547568e+19
155.20000000000002,6.021617362194089e+23,2.7070136425500668e+19
155.60000000000002,6.021616376045589e+23,2.712529074022139e+19
156.0,6.021615389897251e+23,2.7180380847526568e+19
156.4,6.0216144037490744e+23,2.7235406822145946e+19
156.8,6.021613417601059e+23,2.729036873872226e+19
157.20000000000002,6.021612431453205e+23,2.7345266671811363e+19
157.60000000000002,6.021611445305513e+23,2.7400100695882314e+19
158.0,6.021610459157982e+23,2.745487088531747e+19
158.4,6.021609473010613e+23,2.7509577314412605e+19
158.8,6.0216084868634053e+23,2.7564220057369256e+19
159.20000000000002,6.021607500716359e+23,2.761879918833016e+19
159.60000000000002,6.021606514569474e+23,2.767331478132453e+19
160.0,6.021605528422751e+23,2.7727766910303244e+19
160.4,6.021604542276189e+23,2.7782155649131102e+19
160.8,6.021603556129789e+23,2.7836481071586935e+19
161.20000000000002,6.02160256998355e+23,2.789074325136369e+19
161.60000000000002,6.021601583837473e+23,2.7944942262068543e+19
162.0,6.021600597691557e+23,2.7999078177223004e+19
162.4,6.021599611545803e+23,2.8053151070263005e+19
162.8,6.02159862540021e+23,2.8107161014538998e+19
163.20000000000002,6.021597639254779e+23,2.816110808331606e+19
163.60000000000002,6.021596653109509e+23,2.8214992349773988e+19
164.0,6.0215956669644005e+23,2.8268813887007404e+19
164.4,6.021594680819454e+23,2.8322572768025862e+19
164.8,6.021593694674668e+23,2.837626906575391e+19
165.20000000000002,6.0215927085300445e+23,2.842990285303124e+19
165.60000000000002,6.0215917223855824e+23,2.848347420261274e+19
166.0,6.0215907362412814e+23,2.8536983187168625e+19
166.4,6.021589750097142e+23,2.8590429879284523e+19
166.8,6.0215887639531645e+23,2.864381435146157e+19
167.20000000000002,6.021587777809348e+23,2.8697136676116505e+19
167.60000000000002,6.021586791665693e+23,2.875039692558178e+19
168.0,6.0215858055222e+23,2.8803595172105654e+19
168.4,6.021584819378868e+23,2.8856731487852286e+19
168.8,6.021583833235698e+23,2.8909805944901833e+19
169.20000000000002,6.021582847092689e+23,2.896281861525055e+19
169.60000000000002,6.021581860949842e+23,2.901576957081089e+19
170.0,6.0215808748071557e+23,2.906865888341158e+19
170.4,6.021579888664632e+23,2.9121486624797757e+19
170.8,6.021578902522269e+23,2.9174252866631037e+19
171.20000000000002,6.0215779163800676e+23,2.9226957680489603e+19
171.60000000000002,6.0215769302380274e+23,2.9279601137868337e+19
172.0,6.021575944096149e+23,2.9332183310178877e+19
172.4,6.0215749579544324e+23,2.9384704268749746e+19
172.8,6.0215739718128774e+23,2.9437164084826423e+19
173.20000000000002,6.0215729856714836e+23,2.9489562829571457e+19
173.60000000000002,6.021571999530251e+23,2.9541900574064554e+19
174.0,6.0215710133891804e+23,2.9594177389302665e+19
174.4,6.021570027248271e+23,2.964639334620011e+19
174.8,6.021569041107523e+23,2.9698548515588633e+19
175.20000000000002,6.021568054966937e+23,2.975064296821754e+19
175.60000000000002,6.021567068826512e+23,2.9802676774753755e+19
176.0,6.021566082686248e+23,2.9854650005781942e+19
176.4,6.021565096546147e+23,2.9906562731807945e+19
176.8,6.0215641104062066e+23,2.995841502325618e+19
177.20000000000002,6.0215631242664274e+23,3.001020695046559e+19
177.60000000000002,6.0215621381268106e+23,3.006193858369325e+19
178.0,6.021561151987355e+23,3.011360999311445e+19
178.4,6.02156016584806e+23,3.016522124882282e+19
178.8,6.021559179708927e+23,3.0216772420830384e+19
179.20000000000002,6.021558193569956e+23,3.0268263579067687e+19
179.60000000000002,6.0215572074311464e+23,3.031969479338387e+19
180.0,6.021556221292498e+23,3.037106613354678e+19
180.4,6.0215552351540105e+23,3.0422377669243048e+19
180.8,6.0215542490156855e+23,3.0473629470078198e+19
181.20000000000002,6.0215532628775216e+23,3.0524821605576733e+19
181.60000000000002,6.0215522767395194e+23,3.057595414518223e+19
182.0,6.021551290601678e+23,3.0627027158257422e+19
182.4,6.021550304463999e+23,3.067804071408433e+19
182.8,6.021549318326481e+23,3.0728994881864307e+19
183.20000000000002,6.0215483321891246e+23,3.0779889730718163e+19
183.60000000000002,6.02154734605193e+23,3.083072532968625e+19
184.0,6.0215463599148966e+23,3.0881501747728548e+19
184.4,6.0215453737780246e+23,3.093221905372478e+19
184.8,6.021544387641314e+23,3.098287731647448e+19
185.20000000000002,6.021543401504765e+23,3.1033476604697092e+19
185.60000000000002,6.021542415368378e+23,3.1084016987032072e+19
186.0,6.021541429232152e+23,3.1134498532038975e+19
186.4,6.0215404430960875e+23,3.118492130819755e+19
186.8,6.0215394569601845e+23,3.1235285383907828e+19
187.20000000000002,6.021538470824443e+23,3.128559082749021e+19
187.60000000000002,6.0215374846888636e+23,3.133583770718557e+19
188.0,6.021536498553445e+23,3.1386026091155345e+19
188.4,6.0215355124181883e+23,3.1436156047481627e+19
188.8,6.0215345262830926e+23,3.148622764416724e+19
189.20000000000002,6.021533540148159e+23,3.1536240949135856e+19
189.60000000000002,6.0215325540133864e+23,3.1586196030232064e+19
190.0,6.021531567878775e+23,3.1636092955221475e+19
190.4,6.021530581744326e+23,3.1685931791790817e+19
190.8,6.021529595610038e+23,3.173571260754801e+19
191.20000000000002,6.0215286094759114e+23,3.178543547002227e+19
191.60000000000002,6.0215276233419465e+23,3.18351004466642e+19
192.0,6.021526637208143e+23,3.188470760484586e+19
192.4,6.021525651074501e+23,3.19342570118609e+19
192.8,6.021524664941021e+23,3.1983748734924616e+19
193.20000000000002,6.021523678807702e+23,3.2033182841174036e+19
193.60000000000002,6.0215226926745446e+23,3.208255939766804e+19
194.0,6.021521706541549e+23,3.213187847138743e+19
194.4,6.021520720408714e+23,3.218114012923503e+19
194.8,6.021519734276041e+23,3.2230344438035763e+19
195.20000000000002,6.0215187481435295e+23,3.227949146453675e+19
195.60000000000002,6.02151776201118e+23,3.23285812754074e+19
196.0,6.021516775878991e+23,3.2377613937239503e+19
196.4,6.0215157897469645e+23,3.2426589516547314e+19
196.8,6.021514803615099e+23,3.247550807976764e+19
197.20000000000002,6.021513817483395e+23,3.2524369693259923e+19
197.60000000000002,6.0215128313518524e+23,3.2573174423306367e+19
198.0,6.021511845220471e+23,3.2621922336111972e+19
198.4,6.021510859089252e+23,3.267061349780467e+19
198.8,6.021509872958194e+23,3.271924797443538e+19
199.20000000000002,6.021508886827297e+23,3.2767825831978123e+19
199.60000000000002,6.021507900696562e+23,3.2816347136330093e+19
200.0,6.021506914565989e+23,3.2864811953311744e+19
